{"cameraMode":{"drawMode":0,"name":"Shaded","section":"Shading Mode"},"sceneLighting":false,"audioPlay":false,"sceneViewState":{"m_AlwaysRefresh":false,"showFog":true,"showSkybox":false,"showFlares":true,"showImageEffects":true,"showParticleSystems":true,"showVisualEffectGraphs":true,"m_FxEnabled":true},"in2DMode":false,"pivot":{"x":0.1670094132423401,"y":-0.5482792854309082,"z":3.9451332092285158},"rotation":{"x":-0.2333880513906479,"y":-0.044618334621191028,"z":0.010718710720539093,"w":-0.9713202118873596},"size":8.051910400390625,"orthographic":false}